date,value
1850M01,-0.7
1850M02,-0.286
1850M03,-0.732
1850M04,-0.563
1850M05,-0.327
1850M06,-0.213
1850M07,-0.125
1850M08,-0.237
1850M09,-0.439
1850M10,-0.451
1850M11,-0.187
1850M12,-0.257
1851M01,-0.296
1851M02,-0.356
1851M03,-0.479
1851M04,-0.441
1851M05,-0.295
1851M06,-0.197
1851M07,-0.212
1851M08,-0.157
1851M09,-0.101
1851M10,-0.057
1851M11,-0.02
1851M12,-0.05099999999999999
1852M01,-0.315
1852M02,-0.477
1852M03,-0.502
1852M04,-0.5570000000000001
1852M05,-0.211
1852M06,-0.04
1852M07,-0.018
1852M08,-0.202
1852M09,-0.125
1852M10,-0.216
1852M11,-0.193
1852M12,0.073
1853M01,-0.182
1853M02,-0.327
1853M03,-0.309
1853M04,-0.355
1853M05,-0.268
1853M06,-0.175
1853M07,-0.059
1853M08,-0.148
1853M09,-0.404
1853M10,-0.362
1853M11,-0.255
1853M12,-0.437
1854M01,-0.365
1854M02,-0.282
1854M03,-0.286
1854M04,-0.353
1854M05,-0.233
1854M06,-0.219
1854M07,-0.227
1854M08,-0.167
1854M09,-0.119
1854M10,-0.192
1854M11,-0.367
1854M12,-0.233
1855M01,-0.169
1855M02,-0.401
1855M03,-0.306
1855M04,-0.223
1855M05,-0.338
1855M06,-0.167
1855M07,-0.271
1855M08,-0.163
1855M09,-0.336
1855M10,-0.217
1855M11,-0.214
1855M12,-0.518
1856M01,-0.122
1856M02,-0.376
1856M03,-0.528
1856M04,-0.38
1856M05,-0.129
1856M06,-0.291
1856M07,-0.304
1856M08,-0.309
1856M09,-0.461
1856M10,-0.391
1856M11,-0.608
1856M12,-0.449
1857M01,-0.513
1857M02,-0.345
1857M03,-0.434
1857M04,-0.649
1857M05,-0.57
1857M06,-0.31
1857M07,-0.5410000000000001
1857M08,-0.329
1857M09,-0.393
1857M10,-0.474
1857M11,-0.668
1857M12,-0.358
1858M01,-0.528
1858M02,-0.708
1858M03,-0.5480000000000001
1858M04,-0.512
1858M05,-0.653
1858M06,-0.582
1858M07,-0.329
1858M08,-0.278
1858M09,-0.332
1858M10,-0.211
1858M11,-0.643
1858M12,-0.304
1859M01,-0.308
1859M02,-0.189
1859M03,-0.327
1859M04,-0.195
1859M05,-0.307
1859M06,-0.248
1859M07,-0.274
1859M08,-0.1
1859M09,-0.565
1859M10,-0.249
1859M11,-0.315
1859M12,-0.363
1860M01,-0.181
1860M02,-0.426
1860M03,-0.642
1860M04,-0.332
1860M05,-0.293
1860M06,-0.309
1860M07,-0.109
1860M08,-0.182
1860M09,-0.217
1860M10,-0.195
1860M11,-0.515
1860M12,-0.762
1861M01,-0.893
1861M02,-0.508
1861M03,-0.464
1861M04,-0.386
1861M05,-0.768
1861M06,-0.189
1861M07,-0.221
1861M08,-0.094
1861M09,-0.33
1861M10,-0.362
1861M11,-0.417
1861M12,-0.247
1862M01,-0.742
1862M02,-0.78
1862M03,-0.403
1862M04,-0.24
1862M05,-0.225
1862M06,-0.336
1862M07,-0.344
1862M08,-0.7
1862M09,-0.42
1862M10,-0.42
1862M11,-0.766
1862M12,-0.887
1863M01,0.122
1863M02,-0.024
1863M03,-0.365
1863M04,-0.244
1863M05,-0.329
1863M06,-0.402
1863M07,-0.423
1863M08,-0.326
1863M09,-0.316
1863M10,-0.384
1863M11,-0.329
1863M12,-0.341
1864M01,-0.941
1864M02,-0.632
1864M03,-0.507
1864M04,-0.5480000000000001
1864M05,-0.454
1864M06,-0.165
1864M07,-0.159
1864M08,-0.311
1864M09,-0.445
1864M10,-0.706
1864M11,-0.472
1864M12,-0.615
1865M01,-0.101
1865M02,-0.615
1865M03,-0.646
1865M04,-0.236
1865M05,-0.265
1865M06,-0.285
1865M07,-0.136
1865M08,-0.21
1865M09,-0.085
1865M10,-0.27
1865M11,-0.2
1865M12,-0.342
1866M01,0.037
1866M02,-0.216
1866M03,-0.596
1866M04,-0.265
1866M05,-0.53
1866M06,0.098
1866M07,0.018
1866M08,-0.273
1866M09,-0.232
1866M10,-0.425
1866M11,-0.309
1866M12,-0.334
1867M01,-0.313
1867M02,0.007
1867M03,-0.714
1867M04,-0.266
1867M05,-0.5460000000000001
1867M06,-0.304
1867M07,-0.247
1867M08,-0.234
1867M09,-0.103
1867M10,-0.186
1867M11,-0.314
1867M12,-0.628
1868M01,-0.7
1868M02,-0.471
1868M03,-0.079
1868M04,-0.381
1868M05,-0.077
1868M06,-0.178
1868M07,0.138
1868M08,-0.041
1868M09,-0.202
1868M10,-0.238
1868M11,-0.505
1868M12,-0.131
1869M01,-0.249
1869M02,0.258
1869M03,-0.591
1869M04,-0.221
1869M05,-0.281
1869M06,-0.376
1869M07,-0.293
1869M08,-0.084
1869M09,-0.196
1869M10,-0.417
1869M11,-0.371
1869M12,-0.358
1870M01,-0.082
1870M02,-0.453
1870M03,-0.4
1870M04,-0.206
1870M05,-0.168
1870M06,-0.216
1870M07,0.018
1870M08,-0.259
1870M09,-0.264
1870M10,-0.403
1870M11,-0.17
1870M12,-0.72
1871M01,-0.528
1871M02,-0.5480000000000001
1871M03,0.003
1871M04,-0.139
1871M05,-0.309
1871M06,-0.222
1871M07,-0.013
1871M08,-0.221
1871M09,-0.453
1871M10,-0.48
1871M11,-0.5380000000000001
1871M12,-0.5610000000000001
1872M01,-0.31
1872M02,-0.405
1872M03,-0.47
1872M04,-0.15
1872M05,-0.041
1872M06,-0.205
1872M07,-0.113
1872M08,-0.027
1872M09,-0.128
1872M10,-0.227
1872M11,-0.244
1872M12,-0.426
1873M01,-0.03
1873M02,-0.344
1873M03,-0.29
1873M04,-0.524
1873M05,-0.412
1873M06,-0.257
1873M07,-0.15
1873M08,-0.159
1873M09,-0.355
1873M10,-0.401
1873M11,-0.464
1873M12,-0.272
1874M01,0.063
1874M02,-0.435
1874M03,-0.5560000000000001
1874M04,-0.504
1874M05,-0.467
1874M06,-0.457
1874M07,-0.169
1874M08,-0.363
1874M09,-0.204
1874M10,-0.433
1874M11,-0.501
1874M12,-0.404
1875M01,-0.571
1875M02,-0.597
1875M03,-0.597
1875M04,-0.466
1875M05,-0.175
1875M06,-0.233
1875M07,-0.299
1875M08,-0.18
1875M09,-0.268
1875M10,-0.363
1875M11,-0.503
1875M12,-0.506
1876M01,-0.315
1876M02,-0.279
1876M03,-0.388
1876M04,-0.298
1876M05,-0.533
1876M06,-0.282
1876M07,-0.137
1876M08,-0.248
1876M09,-0.436
1876M10,-0.388
1876M11,-0.586
1876M12,-0.716
1877M01,-0.327
1877M02,0.049
1877M03,-0.28
1877M04,-0.321
1877M05,-0.454
1877M06,-0.092
1877M07,0.013
1877M08,0.147
1877M09,0.028
1877M10,0.062
1877M11,0.096
1877M12,0.17
1878M01,0.174
1878M02,0.403
1878M03,0.343
1878M04,0.319
1878M05,-0.082
1878M06,0.019
1878M07,-0.049
1878M08,-0.023
1878M09,0.017
1878M10,-0.122
1878M11,-0.2
1878M12,-0.356
1879M01,-0.193
1879M02,-0.149
1879M03,-0.094
1879M04,-0.214
1879M05,-0.212
1879M06,-0.27
1879M07,-0.23
1879M08,-0.167
1879M09,-0.215
1879M10,-0.122
1879M11,-0.39
1879M12,-0.515
1880M01,-0.067
1880M02,-0.173
1880M03,-0.104
1880M04,-0.15
1880M05,-0.244
1880M06,-0.307
1880M07,-0.247
1880M08,-0.116
1880M09,-0.235
1880M10,-0.386
1880M11,-0.408
1880M12,-0.294
1881M01,-0.353
1881M02,-0.234
1881M03,-0.181
1881M04,-0.131
1881M05,-0.03
1881M06,-0.23
1881M07,-0.148
1881M08,-0.123
1881M09,-0.24
1881M10,-0.275
1881M11,-0.334
1881M12,-0.13
1882M01,0.125
1882M02,-0.008
1882M03,-0.05099999999999999
1882M04,-0.283
1882M05,-0.372
1882M06,-0.315
1882M07,-0.187
1882M08,-0.221
1882M09,-0.156
1882M10,-0.329
1882M11,-0.312
1882M12,-0.471
1883M01,-0.4
1883M02,-0.321
1883M03,-0.346
1883M04,-0.397
1883M05,-0.256
1883M06,-0.124
1883M07,-0.2
1883M08,-0.21
1883M09,-0.279
1883M10,-0.379
1883M11,-0.312
1883M12,-0.323
1884M01,-0.403
1884M02,-0.217
1884M03,-0.459
1884M04,-0.527
1884M05,-0.396
1884M06,-0.411
1884M07,-0.424
1884M08,-0.413
1884M09,-0.346
1884M10,-0.332
1884M11,-0.567
1884M12,-0.415
1885M01,-0.502
1885M02,-0.412
1885M03,-0.482
1885M04,-0.469
1885M05,-0.518
1885M06,-0.486
1885M07,-0.316
1885M08,-0.505
1885M09,-0.329
1885M10,-0.242
1885M11,-0.262
1885M12,-0.155
1886M01,-0.396
1886M02,-0.47
1886M03,-0.412
1886M04,-0.338
1886M05,-0.188
1886M06,-0.382
1886M07,-0.28
1886M08,-0.335
1886M09,-0.432
1886M10,-0.361
1886M11,-0.423
1886M12,-0.42
1887M01,-0.566
1887M02,-0.5560000000000001
1887M03,-0.457
1887M04,-0.435
1887M05,-0.355
1887M06,-0.404
1887M07,-0.274
1887M08,-0.362
1887M09,-0.337
1887M10,-0.499
1887M11,-0.404
1887M12,-0.395
1888M01,-0.591
1888M02,-0.44
1888M03,-0.534
1888M04,-0.238
1888M05,-0.347
1888M06,-0.292
1888M07,-0.304
1888M08,-0.278
1888M09,-0.219
1888M10,-0.095
1888M11,-0.194
1888M12,-0.169
1889M01,-0.067
1889M02,-0.082
1889M03,-0.064
1889M04,0.01
1889M05,-0.08
1889M06,-0.144
1889M07,-0.191
1889M08,-0.22
1889M09,-0.381
1889M10,-0.298
1889M11,-0.398
1889M12,-0.179
1890M01,-0.329
1890M02,-0.368
1890M03,-0.463
1890M04,-0.324
1890M05,-0.417
1890M06,-0.371
1890M07,-0.405
1890M08,-0.416
1890M09,-0.473
1890M10,-0.498
1890M11,-0.5550000000000001
1890M12,-0.411
1891M01,-0.512
1891M02,-0.474
1891M03,-0.363
1891M04,-0.358
1891M05,-0.199
1891M06,-0.288
1891M07,-0.323
1891M08,-0.313
1891M09,-0.193
1891M10,-0.322
1891M11,-0.5410000000000001
1891M12,-0.115
1892M01,-0.398
1892M02,-0.112
1892M03,-0.47
1892M04,-0.484
1892M05,-0.403
1892M06,-0.461
1892M07,-0.526
1892M08,-0.443
1892M09,-0.325
1892M10,-0.441
1892M11,-0.627
1892M12,-0.793
1893M01,-0.974
1893M02,-0.727
1893M03,-0.373
1893M04,-0.567
1893M05,-0.5590000000000001
1893M06,-0.459
1893M07,-0.277
1893M08,-0.291
1893M09,-0.43
1893M10,-0.274
1893M11,-0.415
1893M12,-0.34
1894M01,-0.465
1894M02,-0.374
1894M03,-0.38
1894M04,-0.388
1894M05,-0.421
1894M06,-0.493
1894M07,-0.315
1894M08,-0.341
1894M09,-0.458
1894M10,-0.444
1894M11,-0.42
1894M12,-0.41
1895M01,-0.497
1895M02,-0.677
1895M03,-0.519
1895M04,-0.405
1895M05,-0.415
1895M06,-0.333
1895M07,-0.348
1895M08,-0.261
1895M09,-0.284
1895M10,-0.337
1895M11,-0.297
1895M12,-0.318
1896M01,-0.219
1896M02,-0.23
1896M03,-0.387
1896M04,-0.352
1896M05,-0.205
1896M06,-0.119
1896M07,-0.112
1896M08,-0.063
1896M09,-0.109
1896M10,-0.123
1896M11,-0.286
1896M12,-0.034
1897M01,-0.203
1897M02,-0.125
1897M03,-0.275
1897M04,-0.076
1897M05,-0.031
1897M06,-0.155
1897M07,-0.157
1897M08,-0.149
1897M09,-0.135
1897M10,-0.258
1897M11,-0.453
1897M12,-0.477
1898M01,-0.085
1898M02,-0.38
1898M03,-0.749
1898M04,-0.573
1898M05,-0.474
1898M06,-0.319
1898M07,-0.377
1898M08,-0.306
1898M09,-0.332
1898M10,-0.5560000000000001
1898M11,-0.449
1898M12,-0.346
1899M01,-0.208
1899M02,-0.494
1899M03,-0.5440000000000001
1899M04,-0.351
1899M05,-0.316
1899M06,-0.39
1899M07,-0.275
1899M08,-0.147
1899M09,-0.136
1899M10,-0.188
1899M11,0.028
1899M12,-0.45
1900M01,-0.266
1900M02,-0.172
1900M03,-0.285
1900M04,-0.261
1900M05,-0.273
1900M06,-0.18
1900M07,-0.19
1900M08,-0.185
1900M09,-0.23
1900M10,-0.058
1900M11,-0.263
1900M12,-0.075
1901M01,-0.176
1901M02,-0.272
1901M03,-0.236
1901M04,-0.187
1901M05,-0.196
1901M06,-0.146
1901M07,-0.188
1901M08,-0.196
1901M09,-0.343
1901M10,-0.298
1901M11,-0.442
1901M12,-0.428
1902M01,-0.232
1902M02,-0.26
1902M03,-0.398
1902M04,-0.451
1902M05,-0.401
1902M06,-0.424
1902M07,-0.391
1902M08,-0.368
1902M09,-0.361
1902M10,-0.477
1902M11,-0.5380000000000001
1902M12,-0.526
1903M01,-0.269
1903M02,-0.181
1903M03,-0.358
1903M04,-0.473
1903M05,-0.463
1903M06,-0.5370000000000001
1903M07,-0.485
1903M08,-0.587
1903M09,-0.518
1903M10,-0.653
1903M11,-0.634
1903M12,-0.604
1904M01,-0.644
1904M02,-0.59
1904M03,-0.661
1904M04,-0.5530000000000001
1904M05,-0.527
1904M06,-0.522
1904M07,-0.522
1904M08,-0.477
1904M09,-0.478
1904M10,-0.473
1904M11,-0.387
1904M12,-0.407
1905M01,-0.46
1905M02,-0.703
1905M03,-0.462
1905M04,-0.5550000000000001
1905M05,-0.344
1905M06,-0.314
1905M07,-0.297
1905M08,-0.301
1905M09,-0.313
1905M10,-0.363
1905M11,-0.218
1905M12,-0.199
1906M01,-0.075
1906M02,-0.225
1906M03,-0.284
1906M04,-0.115
1906M05,-0.329
1906M06,-0.287
1906M07,-0.315
1906M08,-0.319
1906M09,-0.385
1906M10,-0.351
1906M11,-0.427
1906M12,-0.283
1907M01,-0.431
1907M02,-0.512
1907M03,-0.338
1907M04,-0.507
1907M05,-0.5550000000000001
1907M06,-0.524
1907M07,-0.402
1907M08,-0.452
1907M09,-0.405
1907M10,-0.359
1907M11,-0.581
1907M12,-0.525
1908M01,-0.412
1908M02,-0.413
1908M03,-0.636
1908M04,-0.5500000000000001
1908M05,-0.474
1908M06,-0.472
1908M07,-0.469
1908M08,-0.532
1908M09,-0.454
1908M10,-0.579
1908M11,-0.596
1908M12,-0.568
1909M01,-0.579
1909M02,-0.531
1909M03,-0.69
1909M04,-0.604
1909M05,-0.586
1909M06,-0.512
1909M07,-0.573
1909M08,-0.317
1909M09,-0.398
1909M10,-0.481
1909M11,-0.42
1909M12,-0.591
1910M01,-0.352
1910M02,-0.514
1910M03,-0.487
1910M04,-0.45
1910M05,-0.466
1910M06,-0.482
1910M07,-0.466
1910M08,-0.436
1910M09,-0.441
1910M10,-0.482
1910M11,-0.652
1910M12,-0.666
1911M01,-0.5540000000000001
1911M02,-0.753
1911M03,-0.701
1911M04,-0.717
1911M05,-0.6
1911M06,-0.567
1911M07,-0.51
1911M08,-0.5
1911M09,-0.511
1911M10,-0.465
1911M11,-0.374
1911M12,-0.293
1912M01,-0.361
1912M02,-0.288
1912M03,-0.385
1912M04,-0.342
1912M05,-0.375
1912M06,-0.312
1912M07,-0.453
1912M08,-0.5590000000000001
1912M09,-0.5570000000000001
1912M10,-0.641
1912M11,-0.518
1912M12,-0.484
1913M01,-0.451
1913M02,-0.508
1913M03,-0.5370000000000001
1913M04,-0.431
1913M05,-0.513
1913M06,-0.505
1913M07,-0.431
1913M08,-0.39
1913M09,-0.426
1913M10,-0.425
1913M11,-0.264
1913M12,-0.232
1914M01,-0.079
1914M02,-0.211
1914M03,-0.326
1914M04,-0.39
1914M05,-0.282
1914M06,-0.281
1914M07,-0.328
1914M08,-0.214
1914M09,-0.255
1914M10,-0.146
1914M11,-0.183
1914M12,-0.249
1915M01,-0.111
1915M02,-0.044
1915M03,-0.187
1915M04,-0.046
1915M05,-0.196
1915M06,-0.215
1915M07,-0.1
1915M08,-0.065
1915M09,-0.128
1915M10,-0.255
1915M11,-0.138
1915M12,-0.253
1916M01,-0.235
1916M02,-0.181
1916M03,-0.406
1916M04,-0.339
1916M05,-0.351
1916M06,-0.472
1916M07,-0.378
1916M08,-0.342
1916M09,-0.335
1916M10,-0.395
1916M11,-0.572
1916M12,-0.629
1917M01,-0.68
1917M02,-0.765
1917M03,-0.832
1917M04,-0.477
1917M05,-0.662
1917M06,-0.357
1917M07,-0.122
1917M08,-0.226
1917M09,-0.125
1917M10,-0.385
1917M11,-0.386
1917M12,-0.635
1918M01,-0.501
1918M02,-0.514
1918M03,-0.445
1918M04,-0.49
1918M05,-0.426
1918M06,-0.329
1918M07,-0.336
1918M08,-0.358
1918M09,-0.243
1918M10,-0.095
1918M11,-0.05
1918M12,-0.232
1919M01,-0.106
1919M02,-0.085
1919M03,-0.306
1919M04,-0.072
1919M05,-0.255
1919M06,-0.252
1919M07,-0.362
1919M08,-0.336
1919M09,-0.239
1919M10,-0.296
1919M11,-0.532
1919M12,-0.46
1920M01,-0.239
1920M02,-0.427
1920M03,-0.119
1920M04,-0.264
1920M05,-0.2
1920M06,-0.211
1920M07,-0.285
1920M08,-0.233
1920M09,-0.139
1920M10,-0.233
1920M11,-0.289
1920M12,-0.358
1921M01,-0.141
1921M02,-0.183
1921M03,-0.249
1921M04,-0.22
1921M05,-0.203
1921M06,-0.121
1921M07,-0.14
1921M08,-0.283
1921M09,-0.165
1921M10,-0.142
1921M11,-0.301
1921M12,-0.147
1922M01,-0.387
1922M02,-0.275
1922M03,-0.267
1922M04,-0.235
1922M05,-0.371
1922M06,-0.324
1922M07,-0.229
1922M08,-0.348
1922M09,-0.282
1922M10,-0.33
1922M11,-0.292
1922M12,-0.308
1923M01,-0.237
1923M02,-0.419
1923M03,-0.412
1923M04,-0.36
1923M05,-0.319
1923M06,-0.243
1923M07,-0.352
1923M08,-0.377
1923M09,-0.327
1923M10,-0.27
1923M11,-0.021
1923M12,-0.014
1924M01,-0.315
1924M02,-0.204
1924M03,-0.271
1924M04,-0.283
1924M05,-0.245
1924M06,-0.214
1924M07,-0.263
1924M08,-0.284
1924M09,-0.284
1924M10,-0.316
1924M11,-0.361
1924M12,-0.53
1925M01,-0.403
1925M02,-0.308
1925M03,-0.23
1925M04,-0.273
1925M05,-0.256
1925M06,-0.257
1925M07,-0.214
1925M08,-0.128
1925M09,-0.191
1925M10,-0.309
1925M11,-0.063
1925M12,0.001
1926M01,0.08599999999999998
1926M02,-0.042
1926M03,-0.028
1926M04,-0.176
1926M05,-0.217
1926M06,-0.087
1926M07,-0.239
1926M08,-0.09
1926M09,-0.097
1926M10,-0.088
1926M11,-0.109
1926M12,-0.244
1927M01,-0.261
1927M02,-0.146
1927M03,-0.333
1927M04,-0.258
1927M05,-0.257
1927M06,-0.236
1927M07,-0.147
1927M08,-0.145
1927M09,-0.134
1927M10,-0.038
1927M11,-0.173
1927M12,-0.422
1928M01,-0.054
1928M02,-0.133
1928M03,-0.344
1928M04,-0.251
1928M05,-0.281
1928M06,-0.337
1928M07,-0.166
1928M08,-0.176
1928M09,-0.221
1928M10,-0.161
1928M11,-0.153
1928M12,-0.24
1929M01,-0.487
1929M02,-0.67
1929M03,-0.409
1929M04,-0.389
1929M05,-0.391
1929M06,-0.351
1929M07,-0.358
1929M08,-0.185
1929M09,-0.265
1929M10,-0.176
1929M11,-0.072
1929M12,-0.488
1930M01,-0.327
1930M02,-0.287
1930M03,-0.15
1930M04,-0.201
1930M05,-0.201
1930M06,-0.165
1930M07,-0.122
1930M08,-0.056
1930M09,-0.079
1930M10,-0.089
1930M11,0.078
1930M12,-0.079
1931M01,-0.007
1931M02,-0.162
1931M03,-0.123
1931M04,-0.182
1931M05,-0.166
1931M06,-0.04
1931M07,0.002
1931M08,-0.054
1931M09,-0.05
1931M10,-0.046
1931M11,-0.153
1931M12,-0.105
1932M01,0.157
1932M02,-0.196
1932M03,-0.243
1932M04,-0.069
1932M05,-0.169
1932M06,-0.191
1932M07,-0.128
1932M08,-0.197
1932M09,-0.039
1932M10,-0.176
1932M11,-0.235
1932M12,-0.194
1933M01,-0.295
1933M02,-0.324
1933M03,-0.348
1933M04,-0.222
1933M05,-0.213
1933M06,-0.261
1933M07,-0.185
1933M08,-0.179
1933M09,-0.235
1933M10,-0.204
1933M11,-0.316
1933M12,-0.531
1934M01,-0.225
1934M02,-0.165
1934M03,-0.396
1934M04,-0.25
1934M05,-0.082
1934M06,-0.04299999999999999
1934M07,-0.068
1934M08,-0.058
1934M09,-0.101
1934M10,-0.091
1934M11,0.022
1934M12,-0.142
1935M01,-0.233
1935M02,0.101
1935M03,-0.23
1935M04,-0.273
1935M05,-0.245
1935M06,-0.188
1935M07,-0.142
1935M08,-0.154
1935M09,-0.141
1935M10,-0.075
1935M11,-0.308
1935M12,-0.274
1936M01,-0.31
1936M02,-0.365
1936M03,-0.31
1936M04,-0.213
1936M05,-0.16
1936M06,-0.161
1936M07,-0.021
1936M08,-0.045
1936M09,-0.108
1936M10,-0.006
1936M11,-0.07099999999999998
1936M12,-0.014
1937M01,-0.134
1937M02,0.039
1937M03,-0.279
1937M04,-0.135
1937M05,-0.083
1937M06,-0.006
1937M07,0.055
1937M08,0.085
1937M09,0.115
1937M10,0.12
1937M11,0.002
1937M12,-0.113
1938M01,0.013
1938M02,0.017
1938M03,0.057
1938M04,0.077
1938M05,-0.092
1938M06,-0.059
1938M07,-0.044
1938M08,0.015
1938M09,0.056
1938M10,0.141
1938M11,0.021
1938M12,-0.296
1939M01,-0.068
1939M02,-0.045
1939M03,-0.271
1939M04,-0.106
1939M05,-0.031
1939M06,0.062
1939M07,0.047
1939M08,0.036
1939M09,-0.081
1939M10,-0.278
1939M11,-0.129
1939M12,0.229
1940M01,-0.192
1940M02,-0.04299999999999999
1940M03,-0.119
1940M04,0.047
1940M05,0.019
1940M06,0.034
1940M07,0.145
1940M08,0.04299999999999999
1940M09,0.122
1940M10,0.011
1940M11,-0.067
1940M12,0.161
1941M01,-0.092
1941M02,-0.017
1941M03,-0.136
1941M04,0.019
1941M05,-0.022
1941M06,0.119
1941M07,0.122
1941M08,0.024
1941M09,-0.135
1941M10,0.216
1941M11,0.05099999999999999
1941M12,0.095
1942M01,0.206
1942M02,-0.088
1942M03,-0.09
1942M04,-0.065
1942M05,-0.019
1942M06,0.034
1942M07,-0.081
1942M08,-0.067
1942M09,0.002
1942M10,-0.084
1942M11,-0.066
1942M12,0
1943M01,-0.214
1943M02,0.068
1943M03,-0.204
1943M04,-0.003
1943M05,-0.018
1943M06,-0.096
1943M07,0.003
1943M08,-0.008999999999999998
1943M09,-0.025
1943M10,0.229
1943M11,0.014
1943M12,0.191
1944M01,0.281
1944M02,0.125
1944M03,0.135
1944M04,0.046
1944M05,0.057
1944M06,0.152
1944M07,0.22
1944M08,0.236
1944M09,0.293
1944M10,0.209
1944M11,0.007
1944M12,-0.034
1945M01,-0.01
1945M02,-0.103
1945M03,-0.048
1945M04,0.168
1945M05,-0.108
1945M06,-0.003
1945M07,-0.084
1945M08,0.364
1945M09,0.161
1945M10,0.173
1945M11,-0.012
1945M12,-0.202
1946M01,0.096
1946M02,0.039
1946M03,-0.062
1946M04,0.139
1946M05,-0.11
1946M06,-0.255
1946M07,-0.04299999999999999
1946M08,-0.147
1946M09,-0.015
1946M10,-0.052
1946M11,-0.094
1946M12,-0.361
1947M01,-0.113
1947M02,-0.174
1947M03,-0.064
1947M04,0.089
1947M05,-0.057
1947M06,0.004
1947M07,-0.003
1947M08,-0.04
1947M09,-0.068
1947M10,0.068
1947M11,0.047
1947M12,-0.175
1948M01,0.089
1948M02,-0.123
1948M03,-0.178
1948M04,-0.045
1948M05,0.101
1948M06,0.069
1948M07,-0.104
1948M08,-0.003
1948M09,-0.056
1948M10,0.022
1948M11,-0.059
1948M12,-0.198
1949M01,0.149
1949M02,-0.144
1949M03,-0.175
1949M04,0.004
1949M05,-0.053
1949M06,-0.184
1949M07,-0.099
1949M08,-0.042
1949M09,-0.079
1949M10,-0.034
1949M11,-0.081
1949M12,-0.19
1950M01,-0.318
1950M02,-0.25
1950M03,-0.181
1950M04,-0.173
1950M05,-0.094
1950M06,-0.076
1950M07,-0.044
1950M08,-0.12
1950M09,-0.106
1950M10,-0.129
1950M11,-0.391
1950M12,-0.25
1951M01,-0.354
1951M02,-0.461
1951M03,-0.293
1951M04,-0.108
1951M05,-0.015
1951M06,0.033
1951M07,0.041
1951M08,0.135
1951M09,0.091
1951M10,0.135
1951M11,-0.03500000000000001
1951M12,0.18
1952M01,0.184
1952M02,0.13
1952M03,-0.131
1952M04,0.053
1952M05,0.036
1952M06,0.039
1952M07,0.1
1952M08,0.093
1952M09,0.1
1952M10,-0.007
1952M11,-0.186
1952M12,-0.062
1953M01,0.064
1953M02,0.147
1953M03,0.126
1953M04,0.191
1953M05,0.138
1953M06,0.167
1953M07,0.048
1953M08,0.099
1953M09,0.077
1953M10,0.073
1953M11,-0.067
1953M12,0.091
1954M01,-0.237
1954M02,-0.08599999999999998
1954M03,-0.153
1954M04,-0.145
1954M05,-0.205
1954M06,-0.126
1954M07,-0.199
1954M08,-0.093
1954M09,-0.08599999999999998
1954M10,-0.03
1954M11,0.022
1954M12,-0.232
1955M01,0.124
1955M02,-0.168
1955M03,-0.405
1955M04,-0.246
1955M05,-0.232
1955M06,-0.163
1955M07,-0.199
1955M08,-0.062
1955M09,-0.114
1955M10,-0.166
1955M11,-0.316
1955M12,-0.337
1956M01,-0.247
1956M02,-0.346
1956M03,-0.315
1956M04,-0.335
1956M05,-0.28
1956M06,-0.23
1956M07,-0.206
1956M08,-0.25
1956M09,-0.283
1956M10,-0.233
1956M11,-0.262
1956M12,-0.209
1957M01,-0.167
1957M02,-0.131
1957M03,-0.188
1957M04,-0.064
1957M05,0.049
1957M06,0.082
1957M07,0
1957M08,0.093
1957M09,0.037
1957M10,-0.015
1957M11,0.055
1957M12,0.151
1958M01,0.267
1958M02,0.184
1958M03,0.001
1958M04,0.03500000000000001
1958M05,0.032
1958M06,-0.015
1958M07,0.041
1958M08,0.004
1958M09,-0.053
1958M10,0.014
1958M11,0.011
1958M12,0.03
1959M01,0.087
1959M02,0.033
1959M03,0.079
1959M04,0.046
1959M05,-0.01
1959M06,0.062
1959M07,0.03
1959M08,0.047
1959M09,0.041
1959M10,-0.034
1959M11,-0.111
1959M12,-0.069
1960M01,-0.032
1960M02,0.104
1960M03,-0.314
1960M04,-0.176
1960M05,-0.156
1960M06,-0.03
1960M07,-0.028
1960M08,0.008
1960M09,0.064
1960M10,-0.027
1960M11,-0.149
1960M12,0.146
1961M01,0.045
1961M02,0.177
1961M03,0.093
1961M04,0.096
1961M05,0.092
1961M06,0.111
1961M07,0.019
1961M08,0.033
1961M09,-0.029
1961M10,-0.033
1961M11,-0.018
1961M12,-0.117
1962M01,0.053
1962M02,0.135
1962M03,0.028
1962M04,0.024
1962M05,-0.047
1962M06,-0.052
1962M07,0.018
1962M08,-0.005
1962M09,-0.017
1962M10,0.042
1962M11,0.01
1962M12,-0.012
1963M01,-0.045
1963M02,0.148
1963M03,-0.147
1963M04,-0.069
1963M05,-0.022
1963M06,-0.033
1963M07,0.111
1963M08,0.126
1963M09,0.127
1963M10,0.225
1963M11,0.164
1963M12,-0.006
1964M01,-0.053
1964M02,-0.127
1964M03,-0.278
1964M04,-0.246
1964M05,-0.177
1964M06,-0.161
1964M07,-0.172
1964M08,-0.256
1964M09,-0.282
1964M10,-0.267
1964M11,-0.295
1964M12,-0.353
1965M01,-0.106
1965M02,-0.249
1965M03,-0.218
1965M04,-0.255
1965M05,-0.162
1965M06,-0.11
1965M07,-0.183
1965M08,-0.106
1965M09,-0.088
1965M10,-0.024
1965M11,-0.13
1965M12,-0.065
1966M01,-0.094
1966M02,-0.093
1966M03,-0.067
1966M04,-0.105
1966M05,-0.138
1966M06,0.038
1966M07,0.03
1966M08,-0.017
1966M09,-0.038
1966M10,-0.104
1966M11,-0.095
1966M12,-0.14
1967M01,-0.172
1967M02,-0.237
1967M03,-0.05
1967M04,-0.063
1967M05,0.076
1967M06,-0.081
1967M07,-0.063
1967M08,-0.061
1967M09,-0.093
1967M10,0.062
1967M11,-0.059
1967M12,-0.147
1968M01,-0.241
1968M02,-0.212
1968M03,0.036
1968M04,-0.169
1968M05,-0.218
1968M06,-0.107
1968M07,-0.102
1968M08,-0.059
1968M09,-0.08599999999999998
1968M10,-0.021
1968M11,-0.07099999999999998
1968M12,-0.11
1969M01,-0.172
1969M02,-0.168
1969M03,-0.005
1969M04,0.106
1969M05,0.132
1969M06,0.025
1969M07,0.038
1969M08,0.054
1969M09,0.019
1969M10,0.031
1969M11,0.131
1969M12,0.194
1970M01,0.07000000000000002
1970M02,0.144
1970M03,-0.069
1970M04,0.056
1970M05,-0.036
1970M06,-0.015
1970M07,-0.05
1970M08,-0.093
1970M09,-0.04
1970M10,-0.075
1970M11,-0.05
1970M12,-0.166
1971M01,-0.102
1971M02,-0.289
1971M03,-0.282
1971M04,-0.237
1971M05,-0.214
1971M06,-0.235
1971M07,-0.13
1971M08,-0.168
1971M09,-0.124
1971M10,-0.165
1971M11,-0.08599999999999998
1971M12,-0.199
1972M01,-0.379
1972M02,-0.291
1972M03,-0.132
1972M04,-0.077
1972M05,-0.065
1972M06,0.008
1972M07,-0.017
1972M08,0.016
1972M09,-0.053
1972M10,0.007
1972M11,0.002
1972M12,0.187
1973M01,0.147
1973M02,0.278
1973M03,0.226
1973M04,0.162
1973M05,0.085
1973M06,0.11
1973M07,0.026
1973M08,0.017
1973M09,-0.042
1973M10,-0.047
1973M11,-0.099
1973M12,-0.113
1974M01,-0.372
1974M02,-0.41
1974M03,-0.229
1974M04,-0.18
1974M05,-0.196
1974M06,-0.153
1974M07,-0.127
1974M08,-0.083
1974M09,-0.129
1974M10,-0.22
1974M11,-0.217
1974M12,-0.242
1975M01,-0.075
1975M02,-0.093
1975M03,-0.077
1975M04,-0.09
1975M05,-0.08599999999999998
1975M06,-0.08599999999999998
1975M07,-0.11
1975M08,-0.18
1975M09,-0.126
1975M10,-0.234
1975M11,-0.319
1975M12,-0.309
1976M01,-0.233
1976M02,-0.329
1976M03,-0.445
1976M04,-0.195
1976M05,-0.317
1976M06,-0.25
1976M07,-0.182
1976M08,-0.202
1976M09,-0.162
1976M10,-0.316
1976M11,-0.18
1976M12,-0.087
1977M01,-0.074
1977M02,0.077
1977M03,0.102
1977M04,0.094
1977M05,0.072
1977M06,0.112
1977M07,0.065
1977M08,-0.001
1977M09,0.033
1977M10,-0.005
1977M11,0.141
1977M12,-0.05099999999999999
1978M01,0.017
1978M02,-0.03500000000000001
1978M03,0.028
1978M04,-0.061
1978M05,-0.085
1978M06,-0.135
1978M07,-0.066
1978M08,-0.185
1978M09,-0.054
1978M10,-0.112
1978M11,0.046
1978M12,-0.098
1979M01,-0.029
1979M02,-0.138
1979M03,0.016
1979M04,-0.05
1979M05,-0.033
1979M06,0.058
1979M07,0.054
1979M08,0.083
1979M09,0.092
1979M10,0.135
1979M11,0.146
1979M12,0.355
1980M01,0.134
1980M02,0.217
1980M03,0.069
1980M04,0.144
1980M05,0.142
1980M06,0.07000000000000002
1980M07,0.061
1980M08,0.038
1980M09,0.039
1980M10,0.011
1980M11,0.129
1980M12,0.055
1981M01,0.329
1981M02,0.197
1981M03,0.208
1981M04,0.131
1981M05,0.066
1981M06,0.125
1981M07,0.089
1981M08,0.121
1981M09,0.072
1981M10,0.004
1981M11,0.072
1981M12,0.265
1982M01,-0.045
1982M02,0.006
1982M03,-0.129
1982M04,0.029
1982M05,0.04
1982M06,-0.055
1982M07,-0.016
1982M08,-0.008999999999999998
1982M09,0.075
1982M10,0.006
1982M11,-0.008999999999999998
1982M12,0.25
1983M01,0.428
1983M02,0.313
1983M03,0.213
1983M04,0.12
1983M05,0.137
1983M06,0.134
1983M07,0.152
1983M08,0.2
1983M09,0.188
1983M10,0.099
1983M11,0.256
1983M12,0.089
1984M01,0.118
1984M02,0.013
1984M03,0.049
1984M04,-0.046
1984M05,0.092
1984M06,-0.015
1984M07,-0.037
1984M08,0.041
1984M09,0.033
1984M10,-0.022
1984M11,-0.121
1984M12,-0.274
1985M01,0.011
1985M02,-0.133
1985M03,-0.026
1985M04,-0.04
1985M05,-0.003
1985M06,-0.061
1985M07,-0.06
1985M08,0.026
1985M09,-0.032
1985M10,0.018
1985M11,-0.072
1985M12,0.014
1986M01,0.124
1986M02,0.09
1986M03,0.075
1986M04,0.078
1986M05,0.045
1986M06,0.049
1986M07,-0.002
1986M08,0.002
1986M09,0.011
1986M10,0.066
1986M11,-0.007
1986M12,0.01
1987M01,0.112
1987M02,0.302
1987M03,0.022
1987M04,0.095
1987M05,0.148
1987M06,0.127
1987M07,0.269
1987M08,0.237
1987M09,0.274
1987M10,0.204
1987M11,0.197
1987M12,0.322
1988M01,0.388
1988M02,0.233
1988M03,0.262
1988M04,0.225
1988M05,0.211
1988M06,0.221
1988M07,0.173
1988M08,0.176
1988M09,0.183
1988M10,0.139
1988M11,0.027
1988M12,0.146
1989M01,0.012
1989M02,0.149
1989M03,0.136
1989M04,0.081
1989M05,0.079
1989M06,0.074
1989M07,0.156
1989M08,0.177
1989M09,0.142
1989M10,0.151
1989M11,0.06
1989M12,0.201
1990M01,0.217
1990M02,0.307
1990M03,0.5620000000000001
1990M04,0.366
1990M05,0.278
1990M06,0.277
1990M07,0.231
1990M08,0.25
1990M09,0.178
1990M10,0.332
1990M11,0.318
1990M12,0.248
1991M01,0.288
1991M02,0.298
1991M03,0.198
1991M04,0.383
1991M05,0.303
1991M06,0.306
1991M07,0.307
1991M08,0.258
1991M09,0.243
1991M10,0.191
1991M11,0.16
1991M12,0.12
1992M01,0.367
1992M02,0.319
1992M03,0.258
1992M04,0.137
1992M05,0.173
1992M06,0.13
1992M07,-0.016
1992M08,0.007
1992M09,-0.064
1992M10,-0.048
1992M11,-0.084
1992M12,0.082
1993M01,0.307
1993M02,0.253
1993M03,0.239
1993M04,0.131
1993M05,0.178
1993M06,0.179
1993M07,0.131
1993M08,0.097
1993M09,0.07000000000000002
1993M10,0.109
1993M11,-0.036
1993M12,0.129
1994M01,0.182
1994M02,-0.048
1994M03,0.222
1994M04,0.21
1994M05,0.268
1994M06,0.262
1994M07,0.17
1994M08,0.186
1994M09,0.19
1994M10,0.311
1994M11,0.314
1994M12,0.246
1995M01,0.421
1995M02,0.601
1995M03,0.322
1995M04,0.285
1995M05,0.218
1995M06,0.312
1995M07,0.331
1995M08,0.357
1995M09,0.263
1995M10,0.336
1995M11,0.324
1995M12,0.132
1996M01,0.116
1996M02,0.323
1996M03,0.186
1996M04,0.13
1996M05,0.224
1996M06,0.168
1996M07,0.221
1996M08,0.207
1996M09,0.104
1996M10,0.132
1996M11,0.146
1996M12,0.232
1997M01,0.211
1997M02,0.313
1997M03,0.344
1997M04,0.266
1997M05,0.286
1997M06,0.411
1997M07,0.373
1997M08,0.44
1997M09,0.479
1997M10,0.5580000000000001
1997M11,0.501
1997M12,0.503
1998M01,0.489
1998M02,0.763
1998M03,0.5490000000000001
1998M04,0.65
1998M05,0.582
1998M06,0.591
1998M07,0.673
1998M08,0.605
1998M09,0.4
1998M10,0.407
1998M11,0.298
1998M12,0.472
1999M01,0.347
1999M02,0.583
1999M03,0.226
1999M04,0.324
1999M05,0.245
1999M06,0.273
1999M07,0.288
1999M08,0.228
1999M09,0.305
1999M10,0.253
1999M11,0.241
1999M12,0.37
2000M01,0.224
2000M02,0.449
2000M03,0.382
2000M04,0.479
2000M05,0.279
2000M06,0.27
2000M07,0.261
2000M08,0.353
2000M09,0.312
2000M10,0.225
2000M11,0.16
2000M12,0.157
2001M01,0.357
2001M02,0.319
2001M03,0.51
2001M04,0.462
2001M05,0.418
2001M06,0.419
2001M07,0.464
2001M08,0.505
2001M09,0.431
2001M10,0.421
2001M11,0.613
2001M12,0.383
2002M01,0.654
2002M02,0.703
2002M03,0.701
2002M04,0.46
2002M05,0.427
2002M06,0.471
2002M07,0.491
2002M08,0.453
2002M09,0.424
2002M10,0.411
2002M11,0.45
2002M12,0.325
2003M01,0.6
2003M02,0.459
2003M03,0.45
2003M04,0.437
2003M05,0.473
2003M06,0.454
2003M07,0.475
2003M08,0.5490000000000001
2003M09,0.5360000000000001
2003M10,0.612
2003M11,0.457
2003M12,0.589
2004M01,0.507
2004M02,0.613
2004M03,0.532
2004M04,0.477
2004M05,0.311
2004M06,0.322
2004M07,0.359
2004M08,0.394
2004M09,0.438
2004M10,0.464
2004M11,0.604
2004M12,0.355
2005M01,0.5490000000000001
2005M02,0.396
2005M03,0.565
2005M04,0.611
2005M05,0.518
2005M06,0.5520000000000001
2005M07,0.5470000000000001
2005M08,0.5380000000000001
2005M09,0.574
2005M10,0.614
2005M11,0.627
2005M12,0.462
2006M01,0.383
2006M02,0.571
2006M03,0.461
2006M04,0.407
2006M05,0.405
2006M06,0.518
2006M07,0.486
2006M08,0.535
2006M09,0.503
2006M10,0.569
2006M11,0.5400000000000001
2006M12,0.691
2007M01,0.828
2007M02,0.567
2007M03,0.517
2007M04,0.587
2007M05,0.448
2007M06,0.42
2007M07,0.439
2007M08,0.44
2007M09,0.455
2007M10,0.467
2007M11,0.391
2007M12,0.341
2008M01,0.158
2008M02,0.235
2008M03,0.5590000000000001
2008M04,0.327
2008M05,0.34
2008M06,0.365
2008M07,0.451
2008M08,0.432
2008M09,0.407
2008M10,0.5460000000000001
2008M11,0.526
2008M12,0.395
2009M01,0.478
2009M02,0.443
2009M03,0.404
2009M04,0.511
2009M05,0.441
2009M06,0.5460000000000001
2009M07,0.5360000000000001
2009M08,0.586
2009M09,0.567
2009M10,0.516
2009M11,0.5500000000000001
2009M12,0.484
2010M01,0.5600000000000001
2010M02,0.592
2010M03,0.682
2010M04,0.689
2010M05,0.592
2010M06,0.585
2010M07,0.615
2010M08,0.5390000000000001
2010M09,0.448
2010M10,0.497
2010M11,0.592
2010M12,0.334
2011M01,0.315
2011M02,0.324
2011M03,0.42
2011M04,0.491
2011M05,0.393
2011M06,0.494
2011M07,0.511
2011M08,0.491
2011M09,0.446
2011M10,0.458
2011M11,0.353
2011M12,0.402
2012M01,0.31
2012M02,0.301
2012M03,0.36
2012M04,0.574
2012M05,0.573
2012M06,0.5560000000000001
2012M07,0.507
2012M08,0.5360000000000001
2012M09,0.5560000000000001
2012M10,0.5560000000000001
2012M11,0.5500000000000001
2012M12,0.271
2013M01,0.471
2013M02,0.498
2013M03,0.421
2013M04,0.45
2013M05,0.525
2013M06,0.501
2013M07,0.518
2013M08,0.5410000000000001
2013M09,0.5460000000000001
2013M10,0.516
2013M11,0.66
2013M12,0.532
2014M01,0.534
2014M02,0.327
2014M03,0.584
2014M04,0.667
2014M05,0.608
2014M06,0.625
2014M07,0.5440000000000001
2014M08,0.677
2014M09,0.601
2014M10,0.635
2014M11,0.504
2014M12,0.655
2015M01,0.705
2015M02,0.689
2015M03,0.708
2015M04,0.673
2015M05,0.711
2015M06,0.743
2015M07,0.697
2015M08,0.74
2015M09,0.796
2015M10,0.845
2015M11,0.84
2015M12,1.024
2016M01,0.934
2016M02,1.111
2016M03,1.106
2016M04,0.937
2016M05,0.707
2016M06,0.744
2016M07,0.744
2016M08,0.79
2016M09,0.729
2016M10,0.598
2016M11,0.5530000000000001
2016M12,0.62
2017M01,0.739
2017M02,0.845
2017M03,0.873
2017M04,0.737
2017M05,0.659
2017M06,0.641
2017M07,0.651
2017M08,0.714
2017M09,0.5570000000000001
2017M10,0.57
2017M11,0.5470000000000001
2017M12,0.585
